id;cedula;nombre;apellido;numero_de_cuenta
1;1093847528;ANTONIO;GARCÍA;789632541098
2;908382764;MANUEL;GONZÁLEZ;456987301425
3;425860297;JOSE;RODRÍGUEZ;234567890123
4;876549013;FRANCISCO;FERNÁNDEZ;847103569821
5;253786940;DAVID;LÓPEZ;632459781036
6;719462038;JUAN;MARTÍNEZ;215478903645
7;657302981;JAVIER;SÁNCHEZ;897641023569
8;281943065;JOSE ANTONIO;PÉREZ;365214789036
9;902568374;DANIEL;GÓMEZ;912345678901
10;432167895;FRANCISCO JAVIER;MARTIN;876543219098
11;605487239;JOSE LUIS;JIMÉNEZ;345678901234
12;873469521;CARLOS;RUIZ;789012346987
13;164279085;JESUS;HERNÁNDEZ;120987654321
14;935107246;ALEJANDRO;DIAZ;456789123456
15;750124869;MIGUEL;MORENO;901234567890
16;502936178;JOSE MANUEL;MUÑOZ;341209876543
17;319684057;RAFAEL;ÁLVAREZ;789456123035
18;871529306;MIGUEL ANGEL;ROMERO;568791034562
19;638290145;PABLO;ALONSO;786123450985
20;427510896;PEDRO;GUTIÉRREZ;210345678907
21;167893524;ANGEL;NAVARRO;907634120356
22;930684715;SERGIO;TORRES;120536487902
23;265197483;JOSE MARIA;DOMÍNGUEZ;560128934567
24;398652107;FERNANDO;VÁZQUEZ;103456789012
25;570298634;JORGE;RAMOS;789430126587
26;846219053;LUIS;GIL;345879120635
27;372648519;ALBERTO;RAMÍREZ;874567901239
28;941763028;ALVARO;SERRANO;567891230458
29;506389742;JUAN CARLOS;BLANCO;903568741205
30;765193284;ADRIAN;MOLINA;341205786123
31;429167538;DIEGO;MORALES;786354120983
32;817350296;JUAN JOSE;SUAREZ;120983567891
33;279436185;RAUL;ORTEGA;563401789234
34;603748219;IVAN;DELGADO;896342105784
35;958421073;JUAN ANTONIO;CASTRO;450127836590
36;295703816;RUBEN;ORTIZ;123456789012
37;748109352;ENRIQUE;RUBIO;789012345678
38;836491725;OSCAR;MARÍN;963540217890
39;124867530;RAMON;SANZ;120987634510
40;568937240;ANDRES;NÚÑEZ;345871209863
41;287356401;JUAN MANUEL;IGLESIAS;789635402178
42;750932468;VICENTE;MEDINA;987604351278
43;510893624;SANTIAGO;GARRIDO;457892103456
44;839205167;JOAQUIN;CORTES;901278634512
45;246801357;MARIO;CASTILLO;345610278964
46;640915283;VICTOR;SANTOS;678912354056
47;310725964;EDUARDO;LOZANO;129876543210
48;903457126;ROBERTO;GUERRERO;457890123456
49;508693274;JAIME;CANO;789012356781
50;961372048;FRANCISCO JOSE;PRIETO;567812345690
51;426581937;MARCOS;MÉNDEZ;901234567812
52;780162349;HUGO;CRUZ;678912345067
53;279846513;IGNACIO;CALVO;789012348907
54;604835219;JORDI;GALLEGO;123456780135
55;957310684;ALFONSO;VIDAL;567801234567
56;362958741;RICARDO;LEÓN;908765432109
57;894201536;SALVADOR;MÁRQUEZ;345678901274
58;142587093;GUILLERMO;HERRERA;678912345670
59;684019753;MARC;PEÑA;901234567893
60;518973246;GABRIEL;FLORES;345678912304
61;720534861;MOHAMED;CABRERA;789012346790
62;395016284;EMILIO;CAMPOS;567812390120
63;846173902;GONZALO;VEGA;901234567129
64;172930485;MARTIN;FUENTES;345678912305
65;683791254;JOSE MIGUEL;CARRASCO;789012340576
66;526348179;JULIO;DIEZ;567812345067
67;370925816;JULIAN;CABALLERO;901234567895
68;985124637;TOMAS;REYES;345678912340
69;260148973;NICOLAS;NIETO;789012345609
70;835619472;AGUSTIN;AGUILAR;567812345690
71;169840325;JOSE RAMON;PASCUAL;901234567896
72;742510863;SAMUEL;SANTANA;345678912305
73;395846271;ISMAEL;HERRERO;789012346790
74;810396425;CRISTIAN;LORENZO;567812390120
75;549763208;LUCAS;MONTERO;901234567129
76;312705684;JOAN;HIDALGO;345678912305
77;764820139;FELIX;GIMÉNEZ;789012345670
78;259034816;AITOR;IBÁÑEZ;567812345067
79;608974213;HECTOR;FERRER;901234567895
80;930145687;IKER;DURAN;345678912340
81;514763209;ALEX;SANTIAGO;789012345609
82;867395124;JUAN FRANCISCO;BENÍTEZ;567812345690
83;236790581;JOSE CARLOS;MORA;901234567896
84;978124506;JOSEP;VICENTE;345678912305
85;345728619;SEBASTIAN;VARGAS;789012346790
86;629415873;CESAR;ARIAS;567812390120
87;471025836;MARIANO;CARMONA;901234567129
88;813769245;ALFREDO;CRESPO;345678912305
89;568290137;DOMINGO;ROMÁN;789012345670
90;305874619;MATEO;PASTOR;567812345067
91;749036218;JOSE ANGEL;SOTO;901234567899
92;214697583;RODRIGO;SÁEZ;345678912345
93;986107324;VICTOR MANUEL;VELASCO;789012345678
94;543216978;FELIPE;MOYA;678901234567
95;901865732;JOSE IGNACIO;SOLER;901234567890
96;438215967;LUIS MIGUEL;PARRA;456789012345
97;725631489;JOSE FRANCISCO;ESTEBAN;890123456789
98;162098357;XAVIER;BRAVO;234567890123
99;856301274;JUAN LUIS;GALLARDO;678901234567
100;243187560;ALBERT;ROJAS;123456789018
