id;fecha;valor;cliente_id
3456;19/10/2008; $ 1.946.738 ;1
3457;28/07/2013; $ 2.899.479 ;1
3458;2/09/2007; $ 1.664.000 ;1
3459;6/08/2017; $ 4.694.555 ;1
3460;15/01/2009; $ 583.598 ;1
3461;20/03/2018; $ 2.799.154 ;1
3462;11/11/2008; $ 1.066.013 ;1
3463;8/06/2002; $ 3.738.015 ;1
3464;14/10/2004; $ 2.824.752 ;1
3465;13/06/2012; $ 4.675.813 ;1
3466;10/07/2022; $ 1.285.482 ;2
3467;2/07/2020; $ 2.609.283 ;2
3468;13/07/2022; $ 2.238.635 ;2
3469;8/01/2013; $ 1.455.151 ;2
3470;1/01/2008; $ 1.440.933 ;2
3471;26/10/2016; $ 2.679.357 ;2
3472;16/09/2010; $ 4.157.765 ;2
3473;10/01/2009; $ 3.736.903 ;2
3474;21/03/2012; $ 3.771.139 ;2
3475;25/03/2003; $ 4.079.250 ;2
3476;10/06/2011; $ 1.125.518 ;2
3477;15/08/2023; $ 639.771 ;2
3478;23/10/2005; $ 2.684.812 ;2
3479;1/10/2020; $ 3.862.856 ;3
3480;18/02/2017; $ 4.438.236 ;3
3481;24/10/2003; $ 3.033.928 ;3
3482;4/07/2004; $ 2.900.311 ;3
3483;15/09/2005; $ 3.490.130 ;3
3484;28/02/2014; $ 1.941.155 ;3
3485;5/05/2014; $ 4.956.184 ;3
3486;16/04/2023; $ 946.550 ;3
3487;8/07/2023; $ 4.329.728 ;3
3488;29/08/2009; $ 847.539 ;3
3489;19/07/2002; $ 4.136.475 ;3
3490;28/07/2001; $ 3.272.018 ;3
3491;28/09/2018; $ 2.104.136 ;3
3492;15/03/2005; $ 2.504.470 ;3
3493;8/09/2022; $ 409.362 ;4
3494;19/10/2009; $ 4.094.566 ;4
3495;21/08/2022; $ 166.909 ;4
3496;13/01/2006; $ 100.332 ;4
3497;30/04/2014; $ 1.649.840 ;4
3498;28/08/2018; $ 1.134.893 ;4
3499;9/09/2011; $ 907.857 ;4
3500;10/07/2002; $ 1.924.941 ;4
3501;23/09/2005; $ 3.618.300 ;4
3502;28/10/2011; $ 4.800.849 ;4
3503;15/09/2012; $ 897.080 ;4
3504;24/09/2015; $ 3.709.058 ;4
3505;10/07/2014; $ 3.629.137 ;4
3506;13/06/2014; $ 2.632.851 ;5
3507;1/08/2003; $ 179.841 ;5
3508;7/09/2013; $ 3.322.361 ;5
3509;16/03/2009; $ 2.312.843 ;5
3510;15/10/2004; $ 1.100.903 ;5
3511;24/03/2018; $ 3.093.125 ;5
3512;4/07/2012; $ 4.420.204 ;5
3513;16/07/2004; $ 3.084.321 ;5
3514;24/11/2008; $ 2.104.447 ;5
3515;25/12/2011; $ 1.069.615 ;5
3516;7/12/2012; $ 1.196.168 ;5
3517;24/02/2023; $ 997.349 ;5
3518;23/05/2005; $ 3.945.200 ;5
3519;12/01/2013; $ 1.108.239 ;6
3520;7/02/2009; $ 3.043.806 ;6
3521;13/09/2013; $ 2.796.648 ;6
3522;27/10/2020; $ 546.820 ;6
3523;25/08/2019; $ 3.300.379 ;6
3524;4/10/2018; $ 3.761.531 ;6
3525;13/03/2015; $ 3.607.939 ;6
3526;22/03/2009; $ 3.631.080 ;6
3527;21/02/2017; $ 2.103.558 ;6
3528;18/03/2023; $ 4.738.238 ;6
3529;22/07/2002; $ 4.053.629 ;6
3530;7/04/2018; $ 1.937.920 ;6
3531;17/07/2022; $ 3.015.501 ;6
3532;29/02/2016; $ 3.006.816 ;7
3533;29/08/2002; $ 989.710 ;7
3534;14/02/2008; $ 226.486 ;7
3535;22/10/2004; $ 1.250.721 ;7
3536;11/05/2016; $ 4.533.469 ;7
3537;7/12/2017; $ 3.588.682 ;7
3538;12/11/2013; $ 3.966.742 ;7
3539;20/07/2023; $ 2.701.156 ;7
3540;31/07/2009; $ 4.854.286 ;7
3541;10/10/2001; $ 603.868 ;7
3542;16/04/2002; $ 3.356.111 ;7
3543;29/11/2018; $ 2.130.209 ;7
3544;12/08/2008; $ 2.178.252 ;7
3545;13/07/2020; $ 1.378.024 ;7
3546;12/12/2014; $ 1.988.560 ;8
3547;7/03/2002; $ 361.079 ;8
3548;5/05/2009; $ 572.255 ;8
3549;11/03/2006; $ 867.475 ;8
3550;26/11/2006; $ 327.108 ;8
3551;19/04/2010; $ 3.284.004 ;8
3552;11/06/2019; $ 2.733.925 ;8
3553;29/12/2014; $ 4.071.213 ;8
3554;27/01/2003; $ 2.344.501 ;8
3555;26/06/2020; $ 1.874.757 ;8
3556;8/02/2003; $ 1.072.567 ;8
3557;17/11/2010; $ 4.304.664 ;8
3558;20/09/2011; $ 1.913.656 ;8
3559;29/07/2015; $ 2.115.496 ;9
3560;3/02/2023; $ 4.151.206 ;9
3561;27/09/2023; $ 777.018 ;9
3562;27/11/2013; $ 2.811.981 ;9
3563;25/06/2003; $ 4.950.233 ;9
3564;11/02/2003; $ 4.525.795 ;9
3565;1/04/2017; $ 3.024.491 ;9
3566;30/07/2001; $ 3.970.633 ;9
3567;24/03/2009; $ 3.982.643 ;9
3568;24/05/2006; $ 1.403.873 ;9
3569;11/05/2014; $ 979.106 ;9
3570;12/11/2011; $ 2.557.096 ;9
3571;23/08/2018; $ 4.852.371 ;9
3572;11/04/2004; $ 1.946.465 ;10
3573;30/05/2005; $ 3.208.641 ;10
3574;30/03/2009; $ 4.727.687 ;10
3575;26/12/2003; $ 214.733 ;10
3576;28/07/2013; $ 380.173 ;10
3577;12/06/2017; $ 902.436 ;10
3578;29/12/2007; $ 818.388 ;10
3579;9/12/2000; $ 4.288.637 ;10
3580;11/04/2012; $ 223.329 ;10
3581;21/08/2003; $ 2.106.388 ;10
3582;2/09/2012; $ 2.930.190 ;10
3583;15/05/2002; $ 734.483 ;10
3584;17/06/2013; $ 271.162 ;10
3585;27/10/2006; $ 2.809.133 ;10
3586;7/04/2015; $ 686.576 ;11
3587;18/05/2005; $ 3.825.157 ;11
3588;16/05/2012; $ 2.876.365 ;11
3589;14/01/2008; $ 4.478.379 ;11
3590;7/09/2001; $ 4.272.413 ;11
3591;18/05/2007; $ 2.885.730 ;11
3592;15/10/2018; $ 2.524.092 ;11
3593;3/10/2022; $ 436.713 ;11
3594;13/11/2022; $ 3.772.401 ;11
3595;28/08/2003; $ 3.698.664 ;11
3596;19/03/2018; $ 3.634.949 ;11
3597;27/01/2016; $ 1.015.459 ;11
3598;15/09/2019; $ 3.950.277 ;11
3599;22/03/2023; $ 1.431.963 ;12
3600;19/04/2002; $ 3.938.219 ;12
3601;23/01/2010; $ 4.339.656 ;12
3602;22/11/2006; $ 538.851 ;12
3603;12/11/2011; $ 3.089.837 ;12
3604;8/11/2019; $ 4.849.477 ;12
3605;20/09/2021; $ 3.488.738 ;12
3606;21/02/2023; $ 1.170.868 ;12
3607;12/10/2006; $ 2.604.551 ;12
3608;5/09/2015; $ 117.854 ;12
3609;8/03/2002; $ 3.714.167 ;12
3610;16/07/2021; $ 2.697.113 ;12
3611;5/09/2004; $ 4.928.059 ;12
3612;27/12/2005; $ 1.259.947 ;13
3613;7/05/2016; $ 4.593.356 ;13
3614;18/06/2009; $ 2.427.214 ;13
3615;14/09/2014; $ 3.065.870 ;13
3616;28/11/2009; $ 183.116 ;13
3617;3/10/2022; $ 1.042.911 ;13
3618;19/02/2003; $ 3.702.537 ;13
3619;5/06/2011; $ 274.956 ;13
3620;14/03/2023; $ 3.281.059 ;13
3621;18/08/2015; $ 4.782.892 ;13
3622;21/06/2015; $ 2.589.437 ;13
3623;17/02/2016; $ 4.333.238 ;13
3624;9/03/2022; $ 2.942.364 ;13
3625;21/12/2014; $ 3.720.603 ;13
3626;28/09/2018; $ 2.589.879 ;14
3627;25/05/2023; $ 4.458.685 ;14
3628;8/05/2013; $ 3.290.693 ;14
3629;12/06/2022; $ 1.519.898 ;14
3630;27/12/2001; $ 3.835.232 ;14
3631;30/06/2019; $ 2.275.537 ;14
3632;4/10/2021; $ 2.560.531 ;14
3633;26/08/2019; $ 211.881 ;14
3634;28/05/2017; $ 2.153.972 ;14
3635;7/04/2002; $ 3.885.210 ;14
3636;18/04/2006; $ 3.673.306 ;14
3637;15/07/2004; $ 187.908 ;14
3638;9/12/2021; $ 160.963 ;14
3639;22/11/2006; $ 178.819 ;15
3640;28/04/2022; $ 3.633.064 ;15
3641;5/05/2009; $ 2.303.509 ;15
3642;19/01/2007; $ 2.966.971 ;15
3643;23/12/2001; $ 2.636.131 ;15
3644;27/02/2008; $ 2.500.437 ;15
3645;22/05/2017; $ 1.513.601 ;15
3646;20/05/2018; $ 4.500.007 ;15
3647;18/12/2006; $ 795.431 ;15
3648;28/06/2013; $ 2.853.640 ;15
3649;27/12/2012; $ 3.236.484 ;15
3650;6/10/2001; $ 1.395.515 ;15
3651;28/01/2014; $ 973.039 ;15
3652;27/02/2018; $ 2.915.548 ;16
3653;25/03/2018; $ 4.367.187 ;16
3654;10/02/2010; $ 4.536.278 ;16
3655;21/06/2013; $ 200.091 ;16
3656;5/10/2014; $ 172.153 ;16
3657;30/09/2009; $ 1.911.993 ;16
3658;10/09/2020; $ 1.197.451 ;16
3659;26/11/2021; $ 4.560.815 ;16
3660;19/05/2021; $ 2.279.175 ;16
3661;17/07/2023; $ 3.989.866 ;16
3662;14/09/2014; $ 197.672 ;16
3663;13/08/2005; $ 1.833.823 ;16
3664;3/04/2020; $ 2.247.347 ;16
3665;4/03/2004; $ 3.103.938 ;17
3666;4/09/2019; $ 3.123.123 ;17
3667;18/10/2009; $ 1.802.363 ;17
3668;25/06/2023; $ 3.694.083 ;17
3669;5/07/2010; $ 1.573.617 ;17
3670;22/12/2007; $ 3.803.499 ;17
3671;30/12/2002; $ 3.969.103 ;17
3672;24/03/2008; $ 2.632.432 ;17
3673;11/12/2021; $ 2.551.363 ;17
3674;31/08/2018; $ 274.584 ;17
3675;25/04/2001; $ 1.100.696 ;17
3676;26/10/2011; $ 1.590.638 ;17
3677;18/04/2013; $ 577.165 ;17
3678;17/07/2014; $ 3.769.812 ;17
3679;19/06/2009; $ 752.938 ;18
3680;11/09/2003; $ 4.006.172 ;18
3681;29/08/2019; $ 579.619 ;18
3682;22/08/2021; $ 804.631 ;18
3683;16/12/2021; $ 561.846 ;18
3684;10/10/2012; $ 413.072 ;18
3685;4/03/2007; $ 3.290.218 ;18
3686;13/12/2006; $ 822.401 ;18
3687;27/04/2015; $ 2.945.987 ;18
3688;6/10/2011; $ 748.650 ;18
3689;25/08/2014; $ 1.521.130 ;18
3690;2/09/2011; $ 1.972.980 ;18
3691;6/10/2015; $ 472.621 ;18
3692;1/02/2015; $ 2.251.171 ;19
3693;2/07/2023; $ 4.085.184 ;19
3694;22/05/2014; $ 4.948.855 ;19
3695;25/08/2010; $ 4.592.669 ;19
3696;21/08/2011; $ 2.101.378 ;19
3697;21/06/2018; $ 4.784.761 ;19
3698;5/04/2017; $ 1.343.994 ;19
3699;2/08/2022; $ 4.360.158 ;19
3700;29/05/2010; $ 194.244 ;19
3701;24/09/2016; $ 3.853.604 ;19
3702;14/01/2006; $ 4.741.540 ;19
3703;31/03/2009; $ 2.416.256 ;19
3704;10/03/2015; $ 4.286.606 ;19
3705;5/05/2022; $ 4.220.694 ;20
3706;3/03/2011; $ 3.935.618 ;20
3707;22/08/2020; $ 3.205.256 ;20
3708;28/03/2004; $ 3.579.240 ;20
3709;18/09/2014; $ 1.676.841 ;20
3710;28/11/2008; $ 253.046 ;20
3711;23/09/2018; $ 2.847.412 ;20
3712;28/04/2015; $ 3.323.318 ;20
3713;12/05/2005; $ 4.855.670 ;20
3714;19/02/2014; $ 1.562.003 ;20
3715;23/06/2017; $ 2.347.120 ;20
3716;22/10/2022; $ 2.175.093 ;20
3717;21/01/2018; $ 2.635.974 ;20
3718;30/04/2021; $ 2.043.412 ;20
3719;6/09/2003; $ 1.347.164 ;21
3720;26/02/2023; $ 3.483.870 ;21
3721;23/06/2011; $ 2.938.287 ;21
3722;3/03/2014; $ 338.462 ;21
3723;12/09/2023; $ 104.605 ;21
3724;16/03/2012; $ 335.548 ;21
3725;18/12/2002; $ 242.573 ;21
3726;25/12/2021; $ 4.004.568 ;21
3727;4/02/2003; $ 968.698 ;21
3728;21/10/2015; $ 376.734 ;21
3729;6/03/2018; $ 4.587.628 ;21
3730;8/07/2021; $ 1.200.117 ;21
3731;19/09/2002; $ 4.548.709 ;21
3732;9/10/2002; $ 4.664.330 ;22
3733;18/07/2001; $ 2.505.207 ;22
3734;26/09/2017; $ 4.993.752 ;22
3735;28/05/2009; $ 1.861.576 ;22
3736;15/08/2014; $ 4.899.367 ;22
3737;21/09/2019; $ 1.608.780 ;22
3738;15/08/2019; $ 1.265.240 ;22
3739;31/07/2002; $ 536.177 ;22
3740;18/07/2011; $ 633.749 ;22
3741;30/01/2006; $ 275.435 ;22
3742;21/03/2012; $ 1.448.923 ;22
3743;6/05/2008; $ 945.009 ;22
3744;5/02/2018; $ 284.128 ;22
3745;2/05/2003; $ 1.074.684 ;23
3746;7/03/2021; $ 1.953.521 ;23
3747;7/07/2014; $ 2.027.818 ;23
3748;25/12/2007; $ 547.224 ;23
3749;6/09/2016; $ 3.887.468 ;23
3750;18/03/2005; $ 2.670.238 ;23
3751;7/06/2018; $ 4.229.249 ;23
3752;8/01/2004; $ 2.066.758 ;23
3753;7/08/2012; $ 1.066.919 ;23
3754;25/12/2010; $ 961.218 ;23
3755;12/03/2001; $ 4.718.721 ;23
3756;25/02/2021; $ 4.349.729 ;23
3757;10/09/2015; $ 3.683.414 ;23
3758;10/12/2001; $ 1.919.778 ;23
3759;16/06/2005; $ 3.456.718 ;24
3760;12/06/2023; $ 4.330.093 ;24
3761;12/02/2019; $ 3.282.892 ;24
3762;3/06/2009; $ 2.799.576 ;24
3763;16/11/2014; $ 179.559 ;24
3764;7/11/2003; $ 3.351.848 ;24
3765;22/05/2015; $ 970.994 ;24
3766;7/03/2016; $ 514.822 ;24
3767;29/12/2004; $ 2.751.214 ;24
3768;4/04/2017; $ 727.438 ;24
3769;14/03/2023; $ 2.957.739 ;24
3770;18/12/2004; $ 2.123.743 ;24
3771;15/06/2007; $ 1.756.450 ;24
3772;28/10/2021; $ 4.096.602 ;25
3773;22/02/2008; $ 4.120.671 ;25
3774;16/09/2015; $ 1.658.920 ;25
3775;17/10/2020; $ 2.731.310 ;25
3776;25/06/2008; $ 2.962.352 ;25
3777;10/06/2019; $ 1.248.616 ;25
3778;13/01/2012; $ 3.940.469 ;25
3779;25/11/2020; $ 2.558.815 ;25
3780;29/09/2009; $ 4.789.221 ;25
3781;9/01/2019; $ 4.524.552 ;25
3782;30/12/2022; $ 1.020.003 ;25
3783;6/03/2018; $ 1.041.250 ;25
3784;8/02/2004; $ 321.037 ;25
3785;8/04/2018; $ 4.008.268 ;26
3786;31/01/2020; $ 3.269.922 ;26
3787;8/10/2017; $ 3.057.620 ;26
3788;13/12/2022; $ 3.637.028 ;26
3789;16/12/2012; $ 2.471.976 ;26
3790;8/03/2006; $ 4.253.225 ;26
3791;7/12/2000; $ 1.595.129 ;26
3792;4/09/2016; $ 2.093.908 ;26
3793;12/05/2015; $ 1.748.858 ;26
3794;21/04/2015; $ 4.884.671 ;26
3795;15/03/2019; $ 3.323.890 ;26
3796;20/12/2016; $ 3.191.275 ;26
3797;22/09/2015; $ 4.669.436 ;26
3798;11/06/2019; $ 3.348.381 ;27
3799;1/05/2010; $ 4.116.930 ;27
3800;23/09/2022; $ 4.331.422 ;27
3801;21/11/2018; $ 3.678.111 ;27
3802;16/10/2012; $ 2.497.365 ;27
3803;10/01/2004; $ 3.777.318 ;27
3804;1/08/2005; $ 811.810 ;27
3805;23/05/2017; $ 238.929 ;27
3806;3/10/2005; $ 3.359.043 ;27
3807;6/11/2007; $ 2.073.786 ;27
3808;4/01/2017; $ 641.663 ;27
3809;10/04/2010; $ 4.701.555 ;27
3810;3/12/2004; $ 3.200.205 ;27
3811;25/01/2019; $ 2.773.267 ;27
3812;26/12/2007; $ 4.100.632 ;28
3813;24/02/2014; $ 4.717.490 ;28
3814;8/09/2017; $ 4.266.795 ;28
3815;16/09/2001; $ 2.534.225 ;28
3816;23/05/2003; $ 4.938.879 ;28
3817;5/05/2002; $ 1.071.165 ;28
3818;30/01/2009; $ 4.475.843 ;28
3819;14/04/2014; $ 234.763 ;28
3820;5/08/2017; $ 812.457 ;28
3821;26/01/2020; $ 4.304.283 ;28
3822;31/10/2017; $ 2.739.695 ;28
3823;10/12/2008; $ 3.343.569 ;28
3824;2/12/2017; $ 2.723.577 ;28
3825;18/08/2005; $ 3.715.277 ;29
3826;1/02/2021; $ 3.921.534 ;29
3827;8/01/2005; $ 3.562.199 ;29
3828;21/06/2006; $ 990.021 ;29
3829;4/09/2018; $ 2.376.751 ;29
3830;21/07/2012; $ 4.913.777 ;29
3831;4/09/2020; $ 3.061.133 ;29
3832;28/01/2005; $ 694.920 ;29
3833;24/10/2011; $ 2.761.389 ;29
3834;20/06/2012; $ 4.962.057 ;29
3835;11/11/2017; $ 3.647.053 ;29
3836;30/04/2004; $ 3.880.092 ;29
3837;26/09/2002; $ 2.464.046 ;29
3838;23/05/2003; $ 1.551.682 ;30
3839;8/05/2005; $ 2.235.104 ;30
3840;27/08/2019; $ 119.190 ;30
3841;28/06/2017; $ 3.745.759 ;30
3842;29/06/2008; $ 3.178.442 ;30
3843;11/05/2007; $ 935.650 ;30
3844;30/08/2015; $ 2.419.654 ;30
3845;3/11/2020; $ 3.397.504 ;30
3846;17/12/2016; $ 983.661 ;30
3847;20/07/2015; $ 954.730 ;30
3848;6/01/2012; $ 4.251.681 ;30
3849;20/05/2017; $ 1.764.288 ;30
3850;4/05/2001; $ 158.707 ;30
3851;28/04/2021; $ 737.710 ;30
3852;19/06/2022; $ 1.457.532 ;31
3853;20/03/2017; $ 961.877 ;31
3854;15/04/2018; $ 866.527 ;31
3855;30/11/2001; $ 4.864.731 ;31
3856;16/11/2020; $ 2.048.481 ;31
3857;29/06/2011; $ 4.664.584 ;31
3858;4/10/2022; $ 3.160.793 ;31
3859;20/02/2019; $ 4.295.224 ;31
3860;22/09/2018; $ 2.177.028 ;31
3861;26/12/2005; $ 1.434.005 ;31
3862;14/10/2009; $ 1.424.587 ;31
3863;7/07/2012; $ 1.835.017 ;31
3864;18/07/2016; $ 2.361.143 ;31
3865;5/08/2016; $ 1.801.500 ;32
3866;21/11/2010; $ 190.837 ;32
3867;22/04/2022; $ 4.580.431 ;32
3868;5/07/2020; $ 483.826 ;32
3869;4/10/2003; $ 1.188.312 ;32
3870;26/12/2017; $ 936.570 ;32
3871;24/01/2021; $ 791.057 ;32
3872;5/04/2004; $ 4.718.249 ;32
3873;8/04/2003; $ 1.256.202 ;32
3874;5/10/2019; $ 3.917.475 ;32
3875;9/03/2002; $ 736.235 ;32
3876;11/04/2014; $ 1.086.839 ;32
3877;3/08/2004; $ 1.918.078 ;32
3878;12/07/2018; $ 864.893 ;33
3879;4/11/2018; $ 1.843.542 ;33
3880;17/01/2010; $ 4.122.397 ;33
3881;16/07/2007; $ 680.376 ;33
3882;11/12/2007; $ 214.046 ;33
3883;16/09/2023; $ 3.662.417 ;33
3884;7/01/2012; $ 2.224.422 ;33
3885;26/01/2005; $ 3.785.688 ;33
3886;19/01/2010; $ 1.953.633 ;33
3887;19/09/2001; $ 505.736 ;33
3888;29/05/2013; $ 770.681 ;33
3889;26/08/2015; $ 4.078.400 ;33
3890;5/11/2016; $ 4.988.945 ;33
3891;16/05/2002; $ 1.307.056 ;33
3892;15/05/2001; $ 3.008.675 ;34
3893;25/12/2012; $ 3.739.142 ;34
3894;7/03/2019; $ 2.343.571 ;34
3895;2/02/2003; $ 2.470.734 ;34
3896;28/08/2006; $ 904.026 ;34
3897;12/06/2001; $ 4.742.568 ;34
3898;11/08/2006; $ 3.436.990 ;34
3899;24/06/2021; $ 1.553.374 ;34
3900;6/12/2004; $ 3.864.511 ;34
3901;15/06/2015; $ 4.605.429 ;34
3902;29/03/2008; $ 3.977.662 ;34
3903;17/07/2013; $ 4.368.609 ;34
3904;23/03/2022; $ 1.833.750 ;34
3905;2/03/2021; $ 4.189.737 ;35
3906;14/09/2001; $ 1.035.967 ;35
3907;24/09/2018; $ 3.522.728 ;35
3908;22/02/2007; $ 3.784.555 ;35
3909;12/09/2005; $ 4.397.578 ;35
3910;19/04/2009; $ 1.510.871 ;35
3911;28/08/2012; $ 4.648.422 ;35
3912;27/07/2010; $ 2.996.135 ;35
3913;15/07/2010; $ 773.995 ;35
3914;28/04/2010; $ 4.889.588 ;35
3915;10/12/2009; $ 4.189.164 ;35
3916;9/12/2000; $ 4.402.257 ;35
3917;29/03/2015; $ 316.341 ;35
3918;4/03/2004; $ 420.855 ;36
3919;7/12/2021; $ 3.840.137 ;36
3920;11/03/2003; $ 3.831.464 ;36
3921;14/12/2004; $ 3.690.611 ;36
3922;6/03/2015; $ 4.688.494 ;36
3923;11/04/2011; $ 1.810.114 ;36
3924;6/11/2005; $ 4.527.334 ;36
3925;21/03/2002; $ 1.740.077 ;36
3926;19/01/2011; $ 3.505.240 ;36
3927;1/05/2014; $ 730.284 ;36
3928;2/06/2001; $ 2.476.327 ;36
3929;24/03/2012; $ 3.741.984 ;36
3930;14/04/2009; $ 1.584.502 ;36
3931;28/04/2002; $ 4.487.533 ;37
3932;28/01/2015; $ 2.563.423 ;37
3933;15/10/2006; $ 1.003.971 ;37
3934;17/06/2017; $ 756.937 ;37
3935;29/04/2022; $ 3.413.012 ;37
3936;30/07/2004; $ 1.579.869 ;37
3937;21/01/2003; $ 982.015 ;37
3938;20/07/2013; $ 709.718 ;37
3939;16/08/2020; $ 4.467.007 ;37
3940;1/11/2004; $ 654.693 ;37
3941;30/07/2016; $ 1.273.275 ;37
3942;11/01/2006; $ 558.934 ;37
3943;4/11/2022; $ 2.629.696 ;37
3944;21/02/2012; $ 3.678.915 ;37
3945;9/07/2022; $ 115.527 ;38
3946;20/06/2021; $ 3.554.361 ;38
3947;23/09/2010; $ 3.061.221 ;38
3948;27/02/2003; $ 4.553.356 ;38
3949;26/03/2001; $ 3.504.209 ;38
3950;15/10/2019; $ 263.503 ;38
3951;31/07/2003; $ 3.954.267 ;38
3952;20/06/2017; $ 1.082.186 ;38
3953;6/04/2016; $ 3.529.549 ;38
3954;3/01/2013; $ 951.510 ;38
3955;25/05/2023; $ 1.608.327 ;38
3956;29/01/2004; $ 3.146.747 ;38
3957;30/05/2012; $ 246.101 ;38
3958;21/06/2006; $ 841.456 ;39
3959;19/02/2006; $ 2.644.561 ;39
3960;17/12/2013; $ 4.948.971 ;39
3961;29/07/2021; $ 2.007.015 ;39
3962;18/03/2003; $ 4.980.467 ;39
3963;21/03/2018; $ 4.757.996 ;39
3964;6/10/2006; $ 4.241.138 ;39
3965;13/11/2018; $ 1.910.888 ;39
3966;5/04/2002; $ 3.867.542 ;39
3967;16/01/2012; $ 704.364 ;39
3968;24/06/2003; $ 4.747.977 ;39
3969;31/01/2002; $ 2.437.921 ;39
3970;25/07/2009; $ 3.819.002 ;39
3971;17/10/2009; $ 2.689.862 ;40
3972;12/06/2022; $ 963.782 ;40
3973;14/01/2012; $ 4.263.455 ;40
3974;11/04/2020; $ 1.814.454 ;40
3975;12/11/2004; $ 4.556.501 ;40
3976;31/05/2005; $ 135.715 ;40
3977;11/10/2007; $ 735.194 ;40
3978;7/12/2019; $ 3.425.707 ;40
3979;17/01/2003; $ 733.630 ;40
3980;7/10/2018; $ 603.718 ;40
3981;1/05/2014; $ 4.277.060 ;40
3982;14/01/2013; $ 3.954.201 ;40
3983;25/06/2020; $ 3.325.245 ;40
3984;21/01/2019; $ 697.771 ;40
3985;22/09/2004; $ 611.853 ;41
3986;6/01/2007; $ 1.942.091 ;41
3987;10/12/2016; $ 932.593 ;41
3988;17/08/2010; $ 2.548.799 ;41
3989;17/07/2020; $ 322.098 ;41
3990;23/05/2017; $ 4.313.131 ;41
3991;8/11/2009; $ 3.907.548 ;41
3992;6/07/2012; $ 4.113.273 ;41
3993;19/11/2020; $ 4.653.883 ;41
3994;9/09/2023; $ 1.855.798 ;41
3995;26/01/2013; $ 1.819.205 ;41
3996;16/04/2005; $ 2.767.819 ;41
3997;31/08/2006; $ 4.584.825 ;41
3998;4/02/2013; $ 2.134.896 ;42
3999;2/04/2012; $ 722.286 ;42
4000;17/05/2003; $ 715.075 ;42
4001;25/08/2003; $ 148.737 ;42
4002;9/08/2005; $ 2.223.630 ;42
4003;7/11/2022; $ 266.512 ;42
4004;28/07/2006; $ 616.382 ;42
4005;1/05/2017; $ 1.931.710 ;42
4006;27/06/2017; $ 3.376.580 ;42
4007;19/09/2019; $ 1.599.422 ;42
4008;13/05/2016; $ 1.576.601 ;42
4009;3/10/2003; $ 3.638.009 ;42
4010;2/04/2015; $ 2.931.139 ;42
4011;27/06/2022; $ 3.594.096 ;43
4012;20/11/2008; $ 2.340.121 ;43
4013;6/03/2017; $ 1.293.946 ;43
4014;3/08/2001; $ 4.264.947 ;43
4015;28/10/2023; $ 3.327.484 ;43
4016;2/10/2023; $ 3.980.376 ;43
4017;11/09/2015; $ 4.367.534 ;43
4018;22/12/2011; $ 4.174.628 ;43
4019;20/12/2014; $ 1.543.162 ;43
4020;29/07/2002; $ 445.342 ;43
4021;15/05/2015; $ 216.796 ;43
4022;23/04/2017; $ 3.834.116 ;43
4023;27/10/2004; $ 4.257.092 ;43
4024;17/02/2017; $ 1.490.362 ;43
4025;29/12/2013; $ 932.844 ;44
4026;16/07/2011; $ 4.723.090 ;44
4027;2/05/2004; $ 4.552.053 ;44
4028;14/07/2018; $ 4.608.329 ;44
4029;27/06/2012; $ 4.520.719 ;44
4030;29/05/2011; $ 1.286.170 ;44
4031;28/11/2015; $ 375.545 ;44
4032;28/12/2023; $ 388.607 ;44
4033;15/05/2009; $ 1.609.236 ;44
4034;7/08/2022; $ 218.509 ;44
4035;28/04/2001; $ 3.487.435 ;44
4036;2/06/2003; $ 2.942.112 ;44
4037;30/06/2004; $ 3.241.115 ;44
4038;2/05/2006; $ 4.582.697 ;45
4039;2/12/2019; $ 506.262 ;45
4040;4/06/2022; $ 3.857.154 ;45
4041;24/11/2020; $ 2.812.752 ;45
4042;29/08/2010; $ 339.878 ;45
4043;24/03/2010; $ 3.608.801 ;45
4044;13/06/2012; $ 4.207.770 ;45
4045;23/04/2022; $ 1.143.345 ;45
4046;9/06/2010; $ 2.525.741 ;45
4047;23/10/2010; $ 756.360 ;45
4048;21/03/2010; $ 1.588.156 ;45
4049;16/05/2006; $ 2.270.457 ;45
4050;1/01/2008; $ 2.158.262 ;45
4051;14/06/2012; $ 3.378.523 ;46
4052;8/09/2010; $ 3.410.645 ;46
4053;3/08/2012; $ 2.260.326 ;46
4054;27/04/2015; $ 2.338.759 ;46
4055;11/09/2013; $ 1.137.219 ;46
4056;16/03/2022; $ 4.899.574 ;46
4057;18/04/2004; $ 4.411.826 ;46
4058;7/06/2006; $ 2.072.987 ;46
4059;18/05/2008; $ 293.970 ;46
4060;26/09/2021; $ 2.497.664 ;46
4061;29/08/2001; $ 4.892.278 ;46
4062;17/11/2006; $ 923.250 ;46
4063;1/08/2016; $ 2.633.343 ;46
4064;11/10/2003; $ 1.295.147 ;47
4065;21/07/2013; $ 3.245.656 ;47
4066;8/03/2007; $ 4.378.552 ;47
4067;1/06/2005; $ 2.715.004 ;47
4068;3/12/2015; $ 4.594.127 ;47
4069;13/08/2001; $ 4.385.503 ;47
4070;19/01/2005; $ 4.401.955 ;47
4071;13/10/2015; $ 215.029 ;47
4072;12/08/2005; $ 744.548 ;47
4073;10/01/2023; $ 4.892.314 ;47
4074;6/02/2010; $ 3.609.914 ;47
4075;14/10/2023; $ 3.863.888 ;47
4076;4/05/2010; $ 2.276.889 ;47
4077;2/04/2017; $ 1.013.519 ;47
4078;23/10/2022; $ 3.916.269 ;48
4079;10/07/2013; $ 2.003.542 ;48
4080;19/03/2006; $ 4.348.114 ;48
4081;25/12/2007; $ 4.031.306 ;48
4082;8/02/2022; $ 2.730.585 ;48
4083;10/12/2002; $ 3.378.683 ;48
4084;18/07/2008; $ 2.860.450 ;48
4085;7/07/2008; $ 4.759.596 ;48
4086;7/02/2019; $ 3.153.960 ;48
4087;21/08/2002; $ 729.929 ;48
4088;16/10/2004; $ 3.104.502 ;48
4089;22/06/2008; $ 3.751.936 ;48
4090;20/01/2017; $ 1.729.838 ;48
4091;2/05/2018; $ 3.835.284 ;49
4092;7/01/2003; $ 894.027 ;49
4093;9/12/2008; $ 4.585.564 ;49
4094;27/10/2019; $ 4.479.113 ;49
4095;3/09/2017; $ 554.554 ;49
4096;11/01/2017; $ 1.797.282 ;49
4097;4/02/2013; $ 4.289.060 ;49
4098;21/02/2014; $ 249.586 ;49
4099;24/01/2016; $ 1.495.486 ;49
4100;7/06/2013; $ 4.560.520 ;49
4101;9/02/2019; $ 2.703.868 ;49
4102;23/11/2023; $ 4.280.657 ;49
4103;23/10/2003; $ 4.461.623 ;49
4104;18/08/2013; $ 3.992.390 ;50
4105;12/06/2001; $ 4.756.076 ;50
4106;19/10/2023; $ 3.155.710 ;50
4107;22/06/2008; $ 468.943 ;50
4108;2/10/2019; $ 2.368.851 ;50
4109;5/05/2006; $ 2.989.315 ;50
4110;10/08/2003; $ 3.421.844 ;50
4111;19/06/2017; $ 3.397.131 ;50
4112;20/08/2020; $ 3.557.431 ;50
4113;24/01/2003; $ 1.529.916 ;50
4114;27/02/2020; $ 2.254.826 ;50
4115;25/03/2014; $ 2.407.074 ;50
4116;20/03/2021; $ 4.246.584 ;50
4117;24/01/2021; $ 4.441.785 ;50
4118;19/12/2017; $ 4.097.275 ;51
4119;20/01/2019; $ 2.055.920 ;51
4120;13/01/2003; $ 769.867 ;51
4121;27/03/2012; $ 4.787.178 ;51
4122;21/09/2011; $ 2.458.946 ;51
4123;30/03/2014; $ 2.136.020 ;51
4124;25/10/2001; $ 3.980.308 ;51
4125;9/08/2019; $ 1.918.046 ;51
4126;19/12/2012; $ 3.698.755 ;51
4127;25/10/2009; $ 1.591.232 ;51
4128;1/06/2019; $ 663.162 ;51
4129;3/06/2003; $ 3.666.351 ;51
4130;19/09/2014; $ 2.768.314 ;51
4131;29/03/2013; $ 3.115.522 ;52
4132;1/04/2012; $ 3.092.828 ;52
4133;11/02/2002; $ 1.348.526 ;52
4134;10/08/2011; $ 1.929.193 ;52
4135;28/09/2002; $ 3.087.324 ;52
4136;8/12/2004; $ 2.804.887 ;52
4137;19/03/2005; $ 459.116 ;52
4138;11/06/2015; $ 2.245.603 ;52
4139;25/05/2014; $ 1.746.099 ;52
4140;30/10/2010; $ 3.982.598 ;52
4141;26/12/2009; $ 749.301 ;52
4142;12/02/2013; $ 2.717.146 ;52
4143;21/01/2012; $ 1.521.533 ;52
4144;12/05/2009; $ 1.036.928 ;53
4145;18/11/2014; $ 2.981.058 ;53
4146;1/04/2023; $ 3.671.173 ;53
4147;24/06/2023; $ 3.789.879 ;53
4148;25/06/2006; $ 2.910.604 ;53
4149;24/06/2008; $ 4.308.111 ;53
4150;19/11/2017; $ 425.625 ;53
4151;2/01/2008; $ 3.942.689 ;53
4152;3/07/2001; $ 830.987 ;53
4153;28/09/2010; $ 2.114.425 ;53
4154;1/05/2022; $ 2.450.835 ;53
4155;14/10/2015; $ 1.968.957 ;53
4156;6/10/2018; $ 1.609.632 ;53
4157;3/02/2022; $ 3.706.257 ;53
4158;29/04/2005; $ 271.135 ;54
4159;17/01/2020; $ 3.674.572 ;54
4160;5/05/2021; $ 3.368.725 ;54
4161;3/05/2015; $ 1.186.193 ;54
4162;26/05/2016; $ 1.272.910 ;54
4163;7/10/2020; $ 2.341.279 ;54
4164;12/10/2016; $ 4.115.056 ;54
4165;15/04/2012; $ 4.053.783 ;54
4166;19/01/2001; $ 2.845.852 ;54
4167;29/11/2023; $ 3.966.877 ;54
4168;26/10/2020; $ 2.829.374 ;54
4169;4/02/2023; $ 554.151 ;54
4170;4/07/2005; $ 3.071.255 ;54
4171;8/04/2021; $ 230.553 ;55
4172;6/03/2022; $ 1.427.903 ;55
4173;11/05/2014; $ 786.199 ;55
4174;27/03/2021; $ 3.093.829 ;55
4175;17/08/2014; $ 2.489.805 ;55
4176;3/10/2005; $ 3.428.318 ;55
4177;20/11/2007; $ 1.498.153 ;55
4178;28/05/2010; $ 3.083.172 ;55
4179;16/07/2018; $ 1.325.712 ;55
4180;15/11/2020; $ 2.964.125 ;55
4181;14/06/2021; $ 580.336 ;55
4182;23/07/2004; $ 512.448 ;55
4183;3/10/2011; $ 4.554.341 ;55
4184;17/01/2007; $ 885.985 ;56
4185;5/05/2019; $ 3.782.503 ;56
4186;31/10/2015; $ 3.675.419 ;56
4187;4/11/2005; $ 3.908.129 ;56
4188;3/05/2012; $ 3.390.335 ;56
4189;7/08/2005; $ 2.544.468 ;56
4190;21/07/2017; $ 477.615 ;56
4191;31/01/2006; $ 1.135.032 ;56
4192;5/08/2023; $ 462.980 ;56
4193;22/07/2003; $ 4.814.616 ;56
4194;12/01/2008; $ 653.163 ;56
4195;25/10/2002; $ 891.145 ;56
4196;23/06/2020; $ 3.972.985 ;56
4197;16/03/2007; $ 1.998.750 ;57
4198;5/02/2010; $ 3.191.751 ;57
4199;16/10/2016; $ 797.300 ;57
4200;10/11/2009; $ 4.041.469 ;57
4201;10/10/2004; $ 2.824.056 ;57
4202;13/03/2014; $ 1.676.615 ;57
4203;11/01/2023; $ 1.955.233 ;57
4204;17/09/2021; $ 666.915 ;57
4205;28/01/2019; $ 4.901.380 ;57
4206;18/10/2003; $ 3.401.079 ;57
4207;12/12/2019; $ 1.581.713 ;57
4208;4/09/2007; $ 4.109.381 ;57
4209;29/03/2008; $ 638.252 ;57
4210;6/02/2015; $ 372.134 ;57
4211;15/03/2004; $ 3.315.972 ;58
4212;15/07/2002; $ 3.605.600 ;58
4213;12/12/2021; $ 1.305.416 ;58
4214;1/10/2018; $ 4.032.940 ;58
4215;2/09/2001; $ 2.992.414 ;58
4216;12/07/2022; $ 4.251.301 ;58
4217;5/09/2020; $ 3.034.643 ;58
4218;22/12/2006; $ 1.567.483 ;58
4219;2/08/2016; $ 973.911 ;58
4220;12/11/2023; $ 3.612.387 ;58
4221;21/08/2009; $ 2.995.992 ;58
4222;12/06/2023; $ 4.996.888 ;58
4223;29/08/2001; $ 4.145.718 ;58
4224;7/11/2018; $ 4.374.808 ;59
4225;29/06/2009; $ 898.686 ;59
4226;28/06/2010; $ 1.194.283 ;59
4227;4/04/2018; $ 2.766.394 ;59
4228;29/09/2005; $ 3.404.445 ;59
4229;25/04/2006; $ 1.002.027 ;59
4230;7/04/2002; $ 884.741 ;59
4231;27/04/2010; $ 3.639.643 ;59
4232;24/06/2016; $ 3.055.361 ;59
4233;2/02/2011; $ 3.116.915 ;59
4234;6/08/2012; $ 979.179 ;59
4235;18/05/2014; $ 1.574.709 ;59
4236;15/04/2012; $ 3.501.925 ;59
4237;29/05/2001; $ 3.674.472 ;60
4238;24/10/2015; $ 1.318.860 ;60
4239;26/08/2023; $ 1.313.004 ;60
4240;27/04/2013; $ 2.110.245 ;60
4241;26/11/2004; $ 4.871.759 ;60
4242;15/11/2009; $ 1.693.506 ;60
4243;11/12/2022; $ 3.878.686 ;60
4244;10/07/2010; $ 3.318.756 ;60
4245;23/02/2021; $ 1.899.356 ;60
4246;25/10/2017; $ 1.163.912 ;60
4247;21/11/2014; $ 602.326 ;60
4248;2/06/2012; $ 2.465.060 ;60
4249;9/04/2019; $ 1.861.719 ;60
4250;22/04/2016; $ 721.804 ;60
4251;4/05/2021; $ 3.415.863 ;61
4252;26/03/2023; $ 2.751.458 ;61
4253;5/04/2005; $ 2.909.094 ;61
4254;29/07/2018; $ 2.121.028 ;61
4255;6/10/2008; $ 1.494.471 ;61
4256;25/06/2012; $ 3.032.777 ;61
4257;15/06/2012; $ 2.949.862 ;61
4258;22/07/2020; $ 4.017.692 ;61
4259;4/03/2013; $ 2.138.673 ;61
4260;10/11/2019; $ 3.371.983 ;61
4261;29/09/2023; $ 4.024.940 ;61
4262;7/02/2003; $ 290.108 ;61
4263;25/10/2020; $ 2.570.222 ;61
4264;16/09/2012; $ 1.435.161 ;62
4265;22/12/2010; $ 1.792.187 ;62
4266;25/10/2009; $ 725.080 ;62
4267;18/02/2022; $ 683.559 ;62
4268;20/12/2010; $ 1.160.840 ;62
4269;4/01/2010; $ 532.185 ;62
4270;20/05/2006; $ 3.443.568 ;62
4271;2/11/2001; $ 3.265.670 ;62
4272;24/04/2003; $ 4.439.321 ;62
4273;21/09/2007; $ 1.320.833 ;62
4274;5/03/2001; $ 2.232.919 ;62
4275;4/11/2004; $ 2.016.107 ;62
4276;2/08/2015; $ 3.515.382 ;62
4277;22/01/2013; $ 4.541.297 ;63
4278;28/08/2015; $ 1.840.792 ;63
4279;5/01/2004; $ 2.781.175 ;63
4280;13/08/2016; $ 500.393 ;63
4281;24/06/2001; $ 3.487.638 ;63
4282;23/09/2007; $ 4.601.094 ;63
4283;3/03/2002; $ 1.339.969 ;63
4284;7/05/2017; $ 3.835.075 ;63
4285;28/10/2021; $ 1.755.099 ;63
4286;13/05/2006; $ 3.650.839 ;63
4287;12/09/2017; $ 2.949.920 ;63
4288;7/06/2003; $ 2.851.466 ;63
4289;24/04/2009; $ 1.307.950 ;63
4290;4/05/2010; $ 2.695.081 ;63
4291;6/02/2019; $ 163.893 ;64
4292;13/04/2014; $ 845.491 ;64
4293;11/04/2023; $ 326.725 ;64
4294;15/12/2017; $ 4.521.180 ;64
4295;20/02/2014; $ 4.322.999 ;64
4296;31/05/2003; $ 254.410 ;64
4297;24/07/2012; $ 1.526.748 ;64
4298;12/10/2011; $ 1.197.594 ;64
4299;31/12/2006; $ 3.421.683 ;64
4300;13/06/2005; $ 1.926.576 ;64
4301;24/07/2017; $ 1.206.130 ;64
4302;10/12/2022; $ 2.307.876 ;64
4303;27/01/2001; $ 546.442 ;64
4304;21/08/2021; $ 699.496 ;65
4305;13/01/2019; $ 3.134.936 ;65
4306;5/04/2010; $ 4.666.769 ;65
4307;28/08/2016; $ 2.849.555 ;65
4308;7/05/2007; $ 3.269.806 ;65
4309;16/10/2014; $ 4.436.843 ;65
4310;21/07/2013; $ 2.258.711 ;65
4311;24/05/2015; $ 4.029.445 ;65
4312;22/12/2009; $ 3.699.670 ;65
4313;30/04/2014; $ 2.862.683 ;65
4314;22/03/2005; $ 3.970.745 ;65
4315;31/08/2007; $ 1.450.470 ;65
4316;29/04/2005; $ 3.364.708 ;65
4317;5/06/2009; $ 3.155.984 ;66
4318;15/08/2007; $ 4.534.509 ;66
4319;28/12/2003; $ 3.716.449 ;66
4320;1/12/2006; $ 1.721.750 ;66
4321;3/06/2010; $ 1.701.673 ;66
4322;7/02/2013; $ 1.882.351 ;66
4323;27/05/2005; $ 2.982.990 ;66
4324;8/01/2021; $ 4.760.436 ;66
4325;15/12/2005; $ 1.877.686 ;66
4326;23/02/2021; $ 1.343.145 ;66
4327;29/03/2021; $ 1.412.282 ;66
4328;12/08/2009; $ 2.083.938 ;66
4329;18/06/2005; $ 2.590.615 ;66
4330;3/06/2014; $ 4.059.436 ;67
4331;21/06/2015; $ 3.254.386 ;67
4332;10/06/2013; $ 3.656.464 ;67
4333;11/12/2005; $ 711.615 ;67
4334;24/12/2013; $ 1.015.148 ;67
4335;31/10/2005; $ 1.199.783 ;67
4336;8/07/2022; $ 2.420.533 ;67
4337;2/05/2016; $ 1.970.757 ;67
4338;28/03/2021; $ 4.922.118 ;67
4339;20/04/2001; $ 3.906.947 ;67
4340;15/12/2020; $ 224.057 ;67
4341;10/10/2005; $ 143.940 ;67
4342;5/10/2005; $ 1.761.605 ;67
4343;15/03/2005; $ 2.945.542 ;67
4344;25/12/2002; $ 2.710.954 ;68
4345;11/03/2016; $ 1.011.791 ;68
4346;5/02/2003; $ 4.627.577 ;68
4347;26/09/2008; $ 3.822.751 ;68
4348;19/05/2023; $ 264.499 ;68
4349;20/08/2019; $ 976.842 ;68
4350;20/02/2018; $ 239.841 ;68
4351;22/08/2019; $ 2.384.971 ;68
4352;19/08/2019; $ 1.233.926 ;68
4353;10/09/2005; $ 4.968.928 ;68
4354;9/03/2001; $ 4.766.757 ;68
4355;9/08/2014; $ 1.854.975 ;68
4356;1/05/2016; $ 2.030.883 ;68
4357;28/08/2001; $ 2.638.851 ;69
4358;22/12/2016; $ 2.570.476 ;69
4359;6/10/2013; $ 1.766.867 ;69
4360;29/05/2005; $ 3.002.796 ;69
4361;26/12/2005; $ 2.205.983 ;69
4362;9/03/2023; $ 570.242 ;69
4363;27/01/2002; $ 2.030.868 ;69
4364;30/05/2023; $ 544.926 ;69
4365;20/02/2023; $ 2.996.633 ;69
4366;30/11/2003; $ 4.092.511 ;69
4367;8/05/2009; $ 3.317.794 ;69
4368;29/04/2004; $ 932.891 ;69
4369;19/04/2016; $ 532.294 ;69
4370;3/12/2015; $ 1.753.634 ;70
4371;27/12/2019; $ 3.737.820 ;70
4372;3/08/2022; $ 4.906.493 ;70
4373;18/07/2023; $ 2.728.727 ;70
4374;14/03/2021; $ 1.901.698 ;70
4375;30/11/2022; $ 2.374.676 ;70
4376;25/07/2023; $ 4.228.985 ;70
4377;5/02/2022; $ 575.883 ;70
4378;22/04/2012; $ 2.984.106 ;70
4379;14/08/2002; $ 164.502 ;70
4380;11/04/2018; $ 4.080.874 ;70
4381;28/12/2015; $ 4.052.174 ;70
4382;3/06/2009; $ 1.046.294 ;70
4383;30/01/2016; $ 3.525.577 ;70
4384;23/12/2017; $ 3.908.756 ;71
4385;16/11/2003; $ 1.274.444 ;71
4386;14/02/2021; $ 4.248.818 ;71
4387;20/02/2003; $ 2.905.575 ;71
4388;21/08/2016; $ 3.810.749 ;71
4389;13/05/2012; $ 1.849.567 ;71
4390;16/03/2008; $ 920.458 ;71
4391;26/12/2010; $ 4.804.209 ;71
4392;21/12/2002; $ 1.370.748 ;71
4393;13/03/2023; $ 617.273 ;71
4394;18/08/2006; $ 377.793 ;71
4395;4/12/2007; $ 4.908.311 ;71
4396;9/07/2004; $ 257.963 ;71
4397;12/04/2016; $ 4.673.928 ;72
4398;12/07/2003; $ 789.861 ;72
4399;2/08/2021; $ 3.135.251 ;72
4400;13/10/2007; $ 2.440.746 ;72
4401;16/02/2006; $ 2.456.345 ;72
4402;9/03/2008; $ 3.173.566 ;72
4403;17/12/2016; $ 3.925.004 ;72
4404;9/03/2014; $ 4.328.639 ;72
4405;3/12/2019; $ 2.982.960 ;72
4406;8/08/2012; $ 1.992.948 ;72
4407;8/04/2009; $ 283.651 ;72
4408;20/12/2009; $ 1.221.027 ;72
4409;13/06/2005; $ 4.535.381 ;72
4410;21/03/2008; $ 1.623.226 ;73
4411;8/09/2015; $ 1.922.809 ;73
4412;17/07/2014; $ 1.970.323 ;73
4413;24/04/2008; $ 2.845.674 ;73
4414;3/01/2023; $ 1.869.855 ;73
4415;20/10/2017; $ 1.963.391 ;73
4416;9/06/2012; $ 3.317.276 ;73
4417;16/08/2019; $ 1.030.575 ;73
4418;28/01/2003; $ 1.697.858 ;73
4419;15/01/2021; $ 1.874.115 ;73
4420;4/08/2018; $ 4.738.129 ;73
4421;6/12/2001; $ 4.516.855 ;73
4422;9/05/2017; $ 3.504.812 ;73
4423;22/09/2021; $ 279.942 ;73
4424;20/01/2021; $ 683.888 ;74
4425;3/01/2007; $ 3.503.252 ;74
4426;2/12/2013; $ 1.146.780 ;74
4427;15/02/2013; $ 298.721 ;74
4428;8/07/2002; $ 853.087 ;74
4429;27/08/2012; $ 4.571.549 ;74
4430;29/03/2015; $ 472.775 ;74
4431;18/03/2012; $ 226.994 ;74
4432;10/02/2019; $ 2.867.048 ;74
4433;22/10/2005; $ 799.106 ;74
4434;30/10/2014; $ 1.947.497 ;74
4435;1/09/2017; $ 243.391 ;74
4436;30/11/2022; $ 633.094 ;74
4437;10/12/2003; $ 4.567.464 ;75
4438;26/05/2004; $ 503.449 ;75
4439;30/03/2003; $ 2.892.868 ;75
4440;9/11/2017; $ 938.982 ;75
4441;2/06/2005; $ 476.502 ;75
4442;6/02/2015; $ 4.596.105 ;75
4443;14/09/2013; $ 1.616.249 ;75
4444;2/07/2015; $ 4.136.300 ;75
4445;22/06/2015; $ 3.663.404 ;75
4446;21/12/2009; $ 477.197 ;75
4447;2/04/2017; $ 3.103.138 ;75
4448;11/12/2020; $ 3.646.875 ;75
4449;7/06/2015; $ 2.621.476 ;75
4450;20/07/2019; $ 3.510.272 ;76
4451;12/07/2004; $ 3.488.179 ;76
4452;27/07/2022; $ 3.521.003 ;76
4453;28/06/2022; $ 4.607.144 ;76
4454;18/01/2007; $ 2.223.916 ;76
4455;8/07/2006; $ 795.484 ;76
4456;19/02/2022; $ 4.168.672 ;76
4457;6/01/2008; $ 2.325.398 ;76
4458;23/10/2015; $ 162.501 ;76
4459;18/01/2012; $ 3.967.473 ;76
4460;23/09/2022; $ 117.169 ;76
4461;31/05/2001; $ 850.536 ;76
4462;28/09/2007; $ 1.544.099 ;76
4463;28/01/2012; $ 514.653 ;77
4464;14/05/2019; $ 1.829.151 ;77
4465;28/06/2023; $ 1.297.342 ;77
4466;2/03/2001; $ 4.921.279 ;77
4467;15/03/2003; $ 1.875.394 ;77
4468;18/06/2009; $ 1.186.904 ;77
4469;15/12/2016; $ 1.205.296 ;77
4470;1/09/2002; $ 4.879.473 ;77
4471;27/02/2017; $ 2.497.677 ;77
4472;6/01/2023; $ 2.462.451 ;77
4473;24/12/2017; $ 3.197.668 ;77
4474;29/12/2021; $ 3.941.171 ;77
4475;19/02/2001; $ 1.210.427 ;77
4476;30/05/2019; $ 2.369.841 ;77
4477;2/09/2009; $ 558.915 ;78
4478;10/01/2006; $ 3.202.325 ;78
4479;25/10/2012; $ 1.165.400 ;78
4480;12/12/2015; $ 972.828 ;78
4481;23/01/2022; $ 887.100 ;78
4482;19/06/2005; $ 630.575 ;78
4483;18/01/2015; $ 1.588.120 ;78
4484;6/08/2001; $ 384.250 ;78
4485;9/08/2001; $ 3.558.737 ;78
4486;2/02/2018; $ 4.210.085 ;78
4487;29/06/2018; $ 4.797.806 ;78
4488;5/05/2012; $ 2.586.791 ;78
4489;10/02/2013; $ 4.963.921 ;78
4490;23/08/2003; $ 1.736.414 ;79
4491;27/08/2016; $ 4.009.484 ;79
4492;11/09/2013; $ 4.952.532 ;79
4493;31/05/2021; $ 3.422.550 ;79
4494;6/11/2019; $ 2.486.757 ;79
4495;10/01/2008; $ 3.670.252 ;79
4496;27/10/2007; $ 4.680.673 ;79
4497;7/07/2011; $ 4.978.328 ;79
4498;5/01/2008; $ 3.103.768 ;79
4499;13/07/2004; $ 4.960.527 ;79
4500;13/05/2019; $ 4.972.929 ;79
4501;13/10/2007; $ 2.969.083 ;79
4502;28/02/2005; $ 3.658.894 ;79
4503;16/03/2001; $ 1.259.352 ;80
4504;26/02/2019; $ 4.653.782 ;80
4505;22/08/2014; $ 1.373.651 ;80
4506;5/08/2015; $ 689.215 ;80
4507;22/09/2006; $ 1.047.619 ;80
4508;9/03/2006; $ 2.061.336 ;80
4509;5/07/2011; $ 4.235.590 ;80
4510;14/08/2019; $ 2.435.103 ;80
4511;13/03/2003; $ 4.841.438 ;80
4512;11/09/2023; $ 4.183.432 ;80
4513;8/05/2003; $ 1.865.514 ;80
4514;4/09/2017; $ 3.896.417 ;80
4515;23/10/2011; $ 3.793.114 ;80
4516;27/03/2007; $ 3.886.754 ;80
4517;29/06/2002; $ 1.188.894 ;81
4518;17/06/2007; $ 2.063.902 ;81
4519;9/11/2003; $ 4.480.513 ;81
4520;8/09/2014; $ 1.268.777 ;81
4521;7/05/2004; $ 4.093.646 ;81
4522;19/09/2013; $ 215.997 ;81
4523;10/12/2002; $ 2.828.863 ;81
4524;27/01/2020; $ 4.801.578 ;81
4525;11/08/2020; $ 4.906.132 ;81
4526;1/09/2004; $ 4.972.156 ;81
4527;20/05/2007; $ 2.951.530 ;81
4528;5/01/2005; $ 314.144 ;81
4529;20/01/2023; $ 3.761.119 ;81
4530;22/05/2008; $ 4.835.201 ;82
4531;22/11/2015; $ 1.178.741 ;82
4532;18/01/2009; $ 3.137.178 ;82
4533;3/05/2011; $ 3.083.041 ;82
4534;17/10/2005; $ 1.458.219 ;82
4535;9/06/2020; $ 2.151.390 ;82
4536;29/09/2023; $ 2.206.579 ;82
4537;13/12/2005; $ 1.475.228 ;82
4538;5/07/2020; $ 3.600.127 ;82
4539;25/10/2015; $ 3.259.592 ;82
4540;19/07/2010; $ 794.152 ;82
4541;24/09/2006; $ 4.869.103 ;82
4542;9/05/2009; $ 4.169.664 ;82
4543;12/08/2019; $ 458.171 ;83
4544;25/08/2009; $ 2.397.662 ;83
4545;8/01/2001; $ 673.474 ;83
4546;11/08/2004; $ 2.055.267 ;83
4547;25/03/2012; $ 1.585.206 ;83
4548;1/12/2010; $ 2.392.540 ;83
4549;9/11/2020; $ 3.234.584 ;83
4550;29/05/2017; $ 142.612 ;83
4551;11/11/2023; $ 4.912.004 ;83
4552;12/02/2015; $ 3.761.459 ;83
4553;22/09/2003; $ 4.194.276 ;83
4554;14/11/2009; $ 3.013.829 ;83
4555;21/01/2016; $ 146.039 ;83
4556;25/08/2021; $ 2.312.483 ;83
4557;22/12/2021; $ 529.011 ;84
4558;18/08/2019; $ 3.122.110 ;84
4559;17/05/2011; $ 4.479.935 ;84
4560;31/07/2003; $ 2.501.884 ;84
4561;18/03/2018; $ 392.941 ;84
4562;5/03/2007; $ 4.286.767 ;84
4563;11/04/2019; $ 3.978.958 ;84
4564;16/05/2002; $ 3.103.452 ;84
4565;24/06/2021; $ 1.982.636 ;84
4566;16/01/2011; $ 1.083.372 ;84
4567;29/10/2016; $ 4.167.567 ;84
4568;16/02/2006; $ 3.659.700 ;84
4569;14/02/2001; $ 1.686.299 ;84
4570;14/07/2017; $ 1.974.896 ;85
4571;18/04/2017; $ 4.477.326 ;85
4572;8/01/2021; $ 3.503.547 ;85
4573;26/09/2013; $ 1.540.013 ;85
4574;15/03/2023; $ 4.478.378 ;85
4575;4/10/2022; $ 642.397 ;85
4576;3/12/2020; $ 472.525 ;85
4577;20/01/2021; $ 3.056.570 ;85
4578;6/11/2023; $ 539.518 ;85
4579;27/09/2009; $ 2.655.782 ;85
4580;14/08/2012; $ 4.964.851 ;85
4581;12/05/2009; $ 765.194 ;85
4582;5/08/2014; $ 4.561.771 ;85
4583;16/06/2005; $ 1.667.305 ;86
4584;22/10/2003; $ 4.536.457 ;86
4585;8/05/2001; $ 4.477.374 ;86
4586;10/06/2004; $ 763.664 ;86
4587;25/10/2018; $ 335.586 ;86
4588;23/02/2014; $ 4.552.445 ;86
4589;27/08/2014; $ 1.043.030 ;86
4590;22/03/2022; $ 924.136 ;86
4591;8/02/2022; $ 4.357.165 ;86
4592;22/10/2011; $ 2.517.951 ;86
4593;23/03/2019; $ 3.031.318 ;86
4594;7/08/2004; $ 954.131 ;86
4595;18/10/2019; $ 1.783.113 ;86
4596;10/08/2001; $ 3.744.384 ;87
4597;1/02/2022; $ 3.850.816 ;87
4598;15/04/2014; $ 3.939.871 ;87
4599;14/02/2016; $ 3.063.693 ;87
4600;25/06/2005; $ 1.569.019 ;87
4601;6/06/2009; $ 3.731.486 ;87
4602;28/05/2011; $ 4.445.822 ;87
4603;25/10/2014; $ 3.913.717 ;87
4604;21/10/2001; $ 4.813.400 ;87
4605;29/11/2021; $ 2.553.442 ;87
4606;13/09/2009; $ 3.886.154 ;87
4607;9/04/2006; $ 4.023.218 ;87
4608;8/06/2022; $ 3.774.151 ;87
4609;6/03/2004; $ 1.949.434 ;87
4610;1/07/2012; $ 3.235.075 ;88
4611;31/10/2010; $ 2.022.829 ;88
4612;16/10/2001; $ 4.757.938 ;88
4613;27/01/2009; $ 3.136.652 ;88
4614;30/12/2018; $ 2.708.035 ;88
4615;30/04/2006; $ 1.213.674 ;88
4616;17/01/2011; $ 2.756.234 ;88
4617;6/10/2008; $ 1.555.819 ;88
4618;25/05/2004; $ 487.018 ;88
4619;6/05/2021; $ 2.927.343 ;88
4620;18/02/2009; $ 1.111.603 ;88
4621;28/02/2023; $ 3.006.553 ;88
4622;20/05/2011; $ 905.123 ;88
4623;19/11/2001; $ 434.812 ;89
4624;15/02/2020; $ 1.716.246 ;89
4625;29/05/2009; $ 4.046.107 ;89
4626;25/05/2016; $ 2.772.325 ;89
4627;3/08/2007; $ 3.126.347 ;89
4628;20/09/2022; $ 500.012 ;89
4629;22/07/2003; $ 3.063.254 ;89
4630;26/03/2002; $ 4.502.043 ;89
4631;13/05/2003; $ 3.507.514 ;89
4632;25/09/2001; $ 2.524.577 ;89
4633;10/05/2007; $ 2.563.821 ;89
4634;16/01/2023; $ 3.169.685 ;89
4635;25/08/2011; $ 2.246.247 ;89
4636;22/11/2010; $ 3.655.951 ;90
4637;8/12/2001; $ 783.632 ;90
4638;19/04/2023; $ 4.163.467 ;90
4639;31/05/2010; $ 2.010.896 ;90
4640;1/11/2007; $ 4.546.768 ;90
4641;23/10/2011; $ 2.902.513 ;90
4642;19/11/2023; $ 3.890.902 ;90
4643;27/09/2001; $ 877.990 ;90
4644;5/05/2021; $ 3.696.748 ;90
4645;24/10/2018; $ 1.750.515 ;90
4646;27/04/2005; $ 3.295.118 ;90
4647;4/03/2011; $ 3.030.943 ;90
4648;15/07/2022; $ 2.936.838 ;90
4649;9/06/2002; $ 3.978.583 ;90
4650;28/11/2010; $ 3.140.335 ;91
4651;29/04/2023; $ 2.980.243 ;91
4652;16/03/2014; $ 3.718.482 ;91
4653;21/10/2023; $ 602.548 ;91
4654;12/08/2002; $ 856.142 ;91
4655;10/05/2019; $ 2.738.943 ;91
4656;20/11/2004; $ 3.626.724 ;91
4657;30/05/2023; $ 3.633.824 ;91
4658;6/07/2019; $ 4.457.664 ;91
4659;5/12/2018; $ 222.022 ;91
4660;31/12/2003; $ 3.551.467 ;91
4661;5/08/2009; $ 4.241.672 ;91
4662;26/02/2006; $ 4.146.971 ;91
4663;1/02/2004; $ 3.837.420 ;92
4664;21/06/2023; $ 2.066.738 ;92
4665;20/07/2002; $ 4.240.463 ;92
4666;2/03/2023; $ 110.711 ;92
4667;13/05/2017; $ 380.167 ;92
4668;8/07/2020; $ 1.456.321 ;92
4669;5/12/2012; $ 1.297.203 ;92
4670;15/05/2005; $ 3.744.772 ;92
4671;25/02/2008; $ 4.664.602 ;92
4672;18/09/2002; $ 2.585.937 ;92
4673;20/04/2021; $ 3.493.464 ;92
4674;27/05/2014; $ 414.117 ;92
4675;22/01/2007; $ 3.142.480 ;92
4676;31/07/2016; $ 2.042.839 ;93
4677;20/04/2011; $ 4.395.811 ;93
4678;9/12/2012; $ 2.218.484 ;93
4679;23/07/2016; $ 1.902.800 ;93
4680;18/07/2009; $ 2.099.816 ;93
4681;29/10/2003; $ 1.835.679 ;93
4682;27/10/2023; $ 4.339.050 ;93
4683;25/04/2021; $ 4.017.155 ;93
4684;30/08/2015; $ 4.075.381 ;93
4685;21/01/2009; $ 4.016.872 ;93
4686;27/09/2003; $ 2.798.552 ;93
4687;22/12/2011; $ 3.574.144 ;93
4688;25/02/2018; $ 4.367.572 ;93
4689;21/01/2009; $ 4.364.307 ;93
4690;31/08/2007; $ 344.066 ;94
4691;19/01/2001; $ 338.615 ;94
4692;24/09/2013; $ 1.082.125 ;94
4693;6/12/2018; $ 575.635 ;94
4694;9/10/2002; $ 1.702.200 ;94
4695;26/07/2005; $ 405.853 ;94
4696;3/05/2016; $ 1.598.805 ;94
4697;8/02/2017; $ 1.018.569 ;94
4698;18/05/2010; $ 4.030.035 ;94
4699;5/03/2009; $ 2.153.153 ;94
4700;9/10/2010; $ 3.302.270 ;94
4701;14/07/2019; $ 1.609.993 ;94
4702;5/07/2016; $ 2.370.232 ;94
4703;14/02/2006; $ 2.049.521 ;95
4704;29/08/2004; $ 4.012.976 ;95
4705;29/09/2012; $ 3.915.973 ;95
4706;12/09/2018; $ 4.759.504 ;95
4707;2/05/2018; $ 2.325.498 ;95
4708;10/10/2017; $ 1.408.058 ;95
4709;2/06/2018; $ 4.555.825 ;95
4710;7/03/2021; $ 838.450 ;95
4711;28/02/2022; $ 3.026.181 ;95
4712;29/01/2016; $ 3.910.867 ;95
4713;21/04/2020; $ 114.578 ;95
4714;24/07/2019; $ 3.174.100 ;95
4715;22/06/2007; $ 2.672.769 ;95
4716;1/05/2023; $ 4.714.499 ;96
4717;20/07/2006; $ 4.102.711 ;96
4718;7/01/2021; $ 3.659.670 ;96
4719;8/01/2007; $ 3.418.893 ;96
4720;15/01/2019; $ 1.731.811 ;96
4721;8/03/2008; $ 534.282 ;96
4722;3/01/2019; $ 2.359.077 ;96
4723;14/07/2022; $ 1.325.561 ;96
4724;13/02/2006; $ 205.773 ;96
4725;12/11/2005; $ 736.922 ;96
4726;9/11/2012; $ 2.882.436 ;96
4727;10/02/2021; $ 2.051.664 ;96
4728;1/08/2013; $ 4.173.360 ;96
4729;26/02/2012; $ 2.243.865 ;97
4730;2/07/2013; $ 2.485.566 ;97
4731;9/10/2013; $ 4.846.676 ;97
4732;19/06/2002; $ 4.726.404 ;97
4733;13/12/2023; $ 2.020.921 ;97
4734;28/05/2019; $ 4.199.761 ;97
4735;8/06/2006; $ 553.964 ;97
4736;10/12/2001; $ 2.339.317 ;97
4737;18/01/2007; $ 249.057 ;97
4738;30/11/2012; $ 2.935.574 ;97
4739;10/09/2015; $ 914.683 ;97
4740;3/01/2021; $ 2.760.670 ;97
4741;28/12/2010; $ 1.517.562 ;97
4742;28/11/2017; $ 1.133.857 ;97
4743;24/04/2015; $ 2.026.311 ;98
4744;14/01/2006; $ 2.955.687 ;98
4745;22/12/2013; $ 4.947.938 ;98
4746;14/10/2001; $ 3.128.566 ;98
4747;11/10/2010; $ 4.378.641 ;98
4748;4/08/2004; $ 556.899 ;98
4749;22/07/2018; $ 3.303.957 ;98
4750;23/08/2015; $ 2.479.109 ;98
4751;5/06/2003; $ 3.962.937 ;98
4752;1/02/2015; $ 2.595.706 ;98
4753;10/01/2015; $ 3.555.837 ;98
4754;25/02/2003; $ 2.253.937 ;98
4755;5/01/2020; $ 2.357.131 ;98
4756;5/08/2019; $ 1.910.451 ;99
4757;29/12/2001; $ 283.284 ;99
4758;14/03/2015; $ 2.943.516 ;99
4759;6/10/2012; $ 3.776.842 ;99
4760;7/10/2014; $ 1.083.097 ;99
4761;4/01/2016; $ 2.830.633 ;99
4762;29/04/2011; $ 2.107.806 ;99
4763;3/12/2003; $ 2.719.625 ;99
4764;1/05/2015; $ 472.431 ;99
4765;14/04/2003; $ 2.322.232 ;99
4766;19/12/2003; $ 3.999.980 ;99
4767;21/02/2010; $ 1.386.362 ;99
4768;2/08/2004; $ 4.313.332 ;99
4769;18/03/2016; $ 3.100.954 ;100
4770;7/03/2008; $ 1.656.603 ;100
4771;31/05/2004; $ 359.559 ;100
4772;16/09/2021; $ 2.428.162 ;100
4773;17/07/2001; $ 3.043.304 ;100
4774;8/10/2008; $ 4.510.432 ;100
4775;6/07/2022; $ 101.691 ;100
4776;10/08/2019; $ 3.325.482 ;100
4777;5/08/2015; $ 4.389.820 ;100
4778;16/11/2007; $ 2.934.819 ;100
4779;18/11/2001; $ 1.206.979 ;100
4780;2/04/2006; $ 356.539 ;100
4781;8/07/2007; $ 4.804.983 ;100
4782;27/08/2001; $ 156.261 ;100
